stratifier,stratum,model,n,positives,prevalence,auroc,auprc
gene_seen_in_training,False,raw_esm_zero_shot,679,112,0.16494845360824742,0.8968096497858402,0.7230009415553887
gene_seen_in_training,False,esm_conservation_logistic,679,112,0.16494845360824742,0.9279257999496094,0.7423001474573153
gene_seen_in_training,False,gated_fusion,679,112,0.16494845360824742,0.9344450743260266,0.8059086083164808
gene_seen_in_training,False,reliability_residual,679,112,0.16494845360824742,0.9243984630889392,0.7988971522690175
gene_seen_in_training,False,reliability_control,679,112,0.16494845360824742,0.9266502897455279,0.8083430493151772
gene_seen_in_training,False,fixed_quality_gate,679,112,0.16494845360824742,0.9275951121189216,0.8058787341816721
gene_seen_in_training,False,hard_switch,679,112,0.16494845360824742,0.9273746535651297,0.8048225690043079
gene_seen_in_training,False,no_modality_dropout,679,112,0.16494845360824742,0.9244299571680524,0.7997143224557518
gene_seen_in_training,False,unbounded_residual,679,112,0.16494845360824742,0.9223828420256992,0.7769627687862299
gene_seen_in_training,False,same_input_mlp,679,112,0.16494845360824742,0.9309177374653564,0.7938307375967122
gene_seen_in_training,False,same_input_logistic,679,112,0.16494845360824742,0.9258786848072562,0.7571449772442614
gene_seen_in_training,False,same_input_lightgbm,679,112,0.16494845360824742,0.9382873519778282,0.8044803090242069
gene_seen_in_training,True,raw_esm_zero_shot,13971,7211,0.5161405769093121,0.9006937543644283,0.9186606960938777
gene_seen_in_training,True,esm_conservation_logistic,13971,7211,0.5161405769093121,0.9312531438244825,0.9350450644552417
gene_seen_in_training,True,gated_fusion,13971,7211,0.5161405769093121,0.9654386399312685,0.9657126601808687
gene_seen_in_training,True,reliability_residual,13971,7211,0.5161405769093121,0.9566691441166069,0.9611247021716764
gene_seen_in_training,True,reliability_control,13971,7211,0.5161405769093121,0.9550033376851113,0.9603199435878991
gene_seen_in_training,True,fixed_quality_gate,13971,7211,0.5161405769093121,0.9552238977433393,0.9604254159461106
gene_seen_in_training,True,hard_switch,13971,7211,0.5161405769093121,0.9549946703712852,0.9602668255418483
gene_seen_in_training,True,no_modality_dropout,13971,7211,0.5161405769093121,0.9552374577301771,0.9606071990455415
gene_seen_in_training,True,unbounded_residual,13971,7211,0.5161405769093121,0.9562444867678325,0.9599899033149242
gene_seen_in_training,True,same_input_mlp,13971,7211,0.5161405769093121,0.9616984324573158,0.9627825831856124
gene_seen_in_training,True,same_input_logistic,13971,7211,0.5161405769093121,0.9582910395771088,0.9594484682186418
gene_seen_in_training,True,same_input_lightgbm,13971,7211,0.5161405769093121,0.9652058943478036,0.9665261028024453
structure_available,0,raw_esm_zero_shot,1170,258,0.2205128205128205,0.7889870631034951,0.6717269502373291
structure_available,0,esm_conservation_logistic,1170,258,0.2205128205128205,0.9061692506459946,0.7672876772200736
structure_available,0,gated_fusion,1170,258,0.2205128205128205,0.9359955120359037,0.8633794160550635
structure_available,0,reliability_residual,1170,258,0.2205128205128205,0.89484309125527,0.816092280478791
structure_available,0,reliability_control,1170,258,0.2205128205128205,0.8879453964368285,0.809090526302682
structure_available,0,fixed_quality_gate,1170,258,0.2205128205128205,0.8890886372909017,0.8111914723634157
structure_available,0,hard_switch,1170,258,0.2205128205128205,0.8886933904528763,0.8138215104609638
structure_available,0,no_modality_dropout,1170,258,0.2205128205128205,0.8904868761049911,0.8124676624542813
structure_available,0,unbounded_residual,1170,258,0.2205128205128205,0.880813953488372,0.7990081705670993
structure_available,0,same_input_mlp,1170,258,0.2205128205128205,0.9182944036447709,0.8371194874983304
structure_available,0,same_input_logistic,1170,258,0.2205128205128205,0.9106444648442813,0.8139495252916802
structure_available,0,same_input_lightgbm,1170,258,0.2205128205128205,0.9305853053175576,0.8588970270192331
structure_available,1,raw_esm_zero_shot,13480,7065,0.5241097922848664,0.9016099364601828,0.9202074838980002
structure_available,1,esm_conservation_logistic,13480,7065,0.5241097922848664,0.9295787639439808,0.935083187695845
structure_available,1,gated_fusion,13480,7065,0.5241097922848664,0.9640142778420402,0.9648479012857508
structure_available,1,reliability_residual,13480,7065,0.5241097922848664,0.9559916354042383,0.9607384659272149
structure_available,1,reliability_control,13480,7065,0.5241097922848664,0.9547119360972245,0.960280619745555
structure_available,1,fixed_quality_gate,13480,7065,0.5241097922848664,0.9548194005225942,0.9602802999237587
structure_available,1,hard_switch,13480,7065,0.5241097922848664,0.9545862685816318,0.9600900023719644
structure_available,1,no_modality_dropout,13480,7065,0.5241097922848664,0.954638737610177,0.9602768401784796
structure_available,1,unbounded_residual,13480,7065,0.5241097922848664,0.9559135496632704,0.9598255718666877
structure_available,1,same_input_mlp,13480,7065,0.5241097922848664,0.961020321819603,0.9624043654116377
structure_available,1,same_input_logistic,13480,7065,0.5241097922848664,0.9579520089316497,0.9593875027151275
structure_available,1,same_input_lightgbm,13480,7065,0.5241097922848664,0.964726250345445,0.9665573878111879
conservation_available,False,raw_esm_zero_shot,214,77,0.3598130841121495,0.8436818655796758,0.8195626807335199
conservation_available,False,esm_conservation_logistic,214,77,0.3598130841121495,0.8437292634372926,0.8195626807335199
conservation_available,False,gated_fusion,214,77,0.3598130841121495,0.9047303061901603,0.8680297069881534
conservation_available,False,reliability_residual,214,77,0.3598130841121495,0.8736847094511329,0.8482894713165958
conservation_available,False,reliability_control,214,77,0.3598130841121495,0.8767655701962271,0.8507360491442788
conservation_available,False,fixed_quality_gate,214,77,0.3598130841121495,0.8789458716466015,0.8476658211626839
conservation_available,False,hard_switch,214,77,0.3598130841121495,0.8774291402028628,0.8479657101382653
conservation_available,False,no_modality_dropout,214,77,0.3598130841121495,0.877049957341928,0.8517440210616904
conservation_available,False,unbounded_residual,214,77,0.3598130841121495,0.8587543843018295,0.8267063636685351
conservation_available,False,same_input_mlp,214,77,0.3598130841121495,0.8959143046734288,0.8500089302588423
conservation_available,False,same_input_logistic,214,77,0.3598130841121495,0.888899421746137,0.8544005362433184
conservation_available,False,same_input_lightgbm,214,77,0.3598130841121495,0.9023604133093184,0.884720426221654
conservation_available,True,raw_esm_zero_shot,14436,7246,0.5019395954558049,0.9006885291275758,0.9149502260259086
conservation_available,True,esm_conservation_logistic,14436,7246,0.5019395954558049,0.9314357314591485,0.9319727639239926
conservation_available,True,gated_fusion,14436,7246,0.5019395954558049,0.9646512852326179,0.963189091002823
conservation_available,True,reliability_residual,14436,7246,0.5019395954558049,0.956063342414807,0.9586629418519976
conservation_available,True,reliability_control,14436,7246,0.5019395954558049,0.9544261435113401,0.9578916461189562
conservation_available,True,fixed_quality_gate,14436,7246,0.5019395954558049,0.9546240273757101,0.9579629726746636
conservation_available,True,hard_switch,14436,7246,0.5019395954558049,0.9543871694401823,0.9577942033309409
conservation_available,True,no_modality_dropout,14436,7246,0.5019395954558049,0.9546512833131857,0.9581594259477879
conservation_available,True,unbounded_residual,14436,7246,0.5019395954558049,0.9560063832637794,0.9578685588835936
conservation_available,True,same_input_mlp,14436,7246,0.5019395954558049,0.9609612823649862,0.9602094727397189
conservation_available,True,same_input_logistic,14436,7246,0.5019395954558049,0.9579447410820301,0.9567914010590362
conservation_available,True,same_input_lightgbm,14436,7246,0.5019395954558049,0.9652214045867522,0.9646749633609221
