model,total_genes,eligible_genes,excluded_single_class_genes,macro_auroc,macro_auprc
raw_esm_zero_shot,3059,741,2318,0.888351864398848,0.9176137706480976
esm_conservation_logistic,3059,741,2318,0.9328768299100478,0.9433980532744609
gated_fusion,3059,741,2318,0.9408198441369545,0.9532110171762507
reliability_residual,3059,741,2318,0.9180916333636365,0.9411793256276486
reliability_control,3059,741,2318,0.9198643259532107,0.9441117798551328
fixed_quality_gate,3059,741,2318,0.9222141039084064,0.9443423702330563
hard_switch,3059,741,2318,0.9235871777590086,0.9456622310424161
no_modality_dropout,3059,741,2318,0.9212327198982475,0.9440654149824911
unbounded_residual,3059,741,2318,0.9226004887658662,0.9427197035020185
same_input_mlp,3059,741,2318,0.937786527866403,0.9507630316290944
same_input_logistic,3059,741,2318,0.9337968318459392,0.9476827872916478
same_input_lightgbm,3059,741,2318,0.9415088361603882,0.9535206691349238
