DMS_id,model,n,excluded_rows,spearman,auroc
HMDH_HUMAN_Jiang_2019,raw_esm_zero_shot,19,0,-0.40175438596491225,0.4666666666666667
HMDH_HUMAN_Jiang_2019,esm_conservation_logistic,19,0,-0.40175438596491225,0.4666666666666667
HMDH_HUMAN_Jiang_2019,lightgbm,19,0,0.243859649122807,0.5333333333333333
HMDH_HUMAN_Jiang_2019,concatenation,19,0,-0.10701754385964912,0.45
HMDH_HUMAN_Jiang_2019,gated_fusion,19,0,-0.09824561403508772,0.4833333333333333
HMDH_HUMAN_Jiang_2019,reliability_residual,19,0,-0.3719298245614035,0.45
HMDH_HUMAN_Jiang_2019,reliability_control,19,0,-0.3719298245614035,0.45
HMDH_HUMAN_Jiang_2019,fixed_quality_gate,19,0,-0.3385964912280702,0.4666666666666667
HMDH_HUMAN_Jiang_2019,hard_switch,19,0,-0.34912280701754383,0.4666666666666667
HMDH_HUMAN_Jiang_2019,no_modality_dropout,19,0,-0.34210526315789475,0.4666666666666667
HMDH_HUMAN_Jiang_2019,unbounded_residual,19,0,-0.37894736842105264,0.4666666666666667
HMDH_HUMAN_Jiang_2019,same_input_mlp,19,0,-0.20350877192982456,0.45
HMDH_HUMAN_Jiang_2019,same_input_logistic,19,0,-0.20350877192982456,0.45
HMDH_HUMAN_Jiang_2019,same_input_lightgbm,19,0,-0.3385964912280702,0.44999999999999996
